{"n_layers": 1, "dropout_in": 0.13755330191970333, "n_units_l0": 2161, "dropout_l0": 0.1019438654881261, "meta_lr": 0.0005286296415575702, "lr": 0.000870709503462015, "task_batch_size": 10, "k": 2, "adaptation_steps": 7}