{"n_layers": 1, "n_units_l0": 2890, "dropout_l0": 0.39151948962925026, "lr": 0.0020122351217699975, "batch_size": 2350}